Txn_Hash, Method, Block, Age, Value, Txn_Fee 
0xa5e08f80e3bfb845f8833a12f870382921719eb79fb158b833dac7035236288b,Deposit,22421058,10 secs ago,0.077628712026548 BNB,0
0xa371c94cb975cd0ae81c30ec7e845b3e24d466442c11baeb47c486df54e9303f,Swap Exact ETH F...,22421058,10 secs ago,1.084096621246963 BNB,0.00053533
0x14d771bb7a1f46f9249b266605a9c5f2c6176302222fcc151269f1edeafa2f75,Swap Exact Token...,22421058,10 secs ago,0 BNB,0.00124439
0x2f3699940f0b92473c9fc7bef5e2186ed84c7ac1d6f89d061eb9f41fd78769ff,On Borrow,22421058,10 secs ago,0 BNB,0.00053436
0xa682a96509615881bf3edcdbd726b3dc3058b03eb277678a9a6be2d41aea3b57,Run,22421058,10 secs ago,0.1 BNB,0.00229935
0xa1298a747af7d44900f7de2dde968d6fb107736faf27b5d9ba45793ae9428074,0xf3dd259a,22421058,10 secs ago,0 BNB,0.00061261
0x2c0ddc3794e1609fb89f847cb66f56cc64ce70eaf775d8f4ea323fc23b95a41d,Claim,22421058,10 secs ago,0 BNB,0.00121224
0x729426f7de05288e009701810fa3d18caddb0db4a7df163eb6d0da1e0a38a890,Sign In,22421058,10 secs ago,0 BNB,0.00023876
0x5d16c18c1014ce6d1ba89058199acb0d61dd4d05414824556867dd418f175945,Claim,22421058,10 secs ago,0 BNB,0.00043285
0x200ad9000b2779e1216ffdfafdabd14e500cbdae2b6dbc1b0e59c6344e997392,Transfer*,22421058,10 secs ago,0 BNB,0.000159
0x65c0a68f28e1916b9eb685688656a96f810a61efc7517676421c10a3f69877a8,User Sign In,22421058,10 secs ago,0 BNB,0.00021056
0xaa223bf3b0a63ca33006a70428334682228e3e8c596f87851c76b4fcbd527f5c,Set Delegate,22421058,10 secs ago,0 BNB,0.00023031
0x4a3a5dfe290c1d21cdad748ef7c03ca2e6f67381f9a325e3eac658e172c461f4,Transfer,22421058,10 secs ago,0 BNB,0.00018069
0x8b60c44acb08b366f6ab5c71dd3d44895f481e61c1c7e2376748c93ad84f53c7,Withdrawrefbonus,22421058,10 secs ago,0 BNB,0.00020263
0x75a6bea48bce7234e636d74e51fd28615f3c84491783e9f13bd787b41024b4ac,Transfer,22421058,10 secs ago,0 BNB,0.00018069
0x8e9f0460ab0eaadd38375212f1de4b2fc3a7d6cf457fb476c1af158b7059aeb2,Transfer,22421058,10 secs ago,0 BNB,0.00018069
0xb026e9e11a1c5fbce483c00b8f02626a8d2d06d578b2002e560f7778ecda5c97,Checkin,22421058,10 secs ago,0 BNB,0.00038563
0x34c18038c9a20d2d5360e65111f0a07ce78cffd0c0e2af9cdc9403398ece48c3,Transfer,22421058,10 secs ago,0 BNB,0.00018069
0x455e5b274e141f093b24fc0d792c7150a1eba272ef67cb42b774db82003896a8,Transfer,22421058,10 secs ago,0 BNB,0.00018069
0x4de5f4840650db55b46a3ee56b8562768f8888cfcde7a31802602292fac31cb7,Transfer,22421058,10 secs ago,0 BNB,0.00018069
0xd93b3527ffada7f63e5485125caa170743266b8a3a72a7a04e62b59e6098515c,Transfer,22421058,10 secs ago,0 BNB,0.00018069
0x4f4a42c5d35116cbb761c850004ed66ded4566847a8116065aaa83c445f24e82,Transfer,22421058,10 secs ago,0 BNB,0.00018069
0xee03bef2892f916ca7c93e8abd0c5634de33594c3125f51d8ba6abac2f2709a6,Transfer,22421058,10 secs ago,0 BNB,0.00018063
0xee8655790576769057da7091c27b61a21372b55538261d8417a560c10640be10,Transfer,22421058,10 secs ago,0.000210565 BNB,0.000105
0x77e2e07da4b155dc1f14ab166dbce5855ed44bd4603b6a85dff3c02618707ed8,Transfer,22421058,10 secs ago,0 BNB,0.00018069
0xb3e2ee3213472b3c81895665e84f0f4d45b1969b8a46d20c2c2c270fe03bf3bb,Swap Exact ETH F...,22421058,10 secs ago,0.876349190681127 BNB,0.00054058
0xa4bed457ad9798e7c7e929f83ad3ff1fdfefe02ba22ddd51edd9fd06cabeeae5,Transfer,22421058,10 secs ago,0 BNB,0.00018063
0x114b8f5d0d3f52f367b82b98e88c0f43ad385425013f291a781487ab298bd97c,Transfer,22421058,10 secs ago,0 BNB,0.00018069
0x844dac55ead9131f132bc82cd0504dd1fa4c570771f6b38ec49dc84448426881,Transfer,22421058,10 secs ago,0 BNB,0.00018069
0xca6277bf6a8dc6dfb5da0352e73529fd64bc0fcd0a50c2f18ad00dce0df138b0,Transfer,22421058,10 secs ago,0 BNB,0.00018069
0xdcd55fd669cad87dd10c902ebbbb31c25d739226f5dfba2a156d2ad2aa98ca4a,Transfer,22421058,10 secs ago,0 BNB,0.00018069
0x9276c489278a2166512c809dafeb0f35e82ebf43b1e2a2dd82296a01629253cc,Transfer,22421058,10 secs ago,0 BNB,0.00018063
0x92c32f6ef5f798e6345a282119f1fe5b56165f8509b8df3e8ffaf8e2654ffe19,Transfer,22421058,10 secs ago,0 BNB,0.00018069
0xc8dedaf348dd823de19747675648603224a04c28d35d151131e64f42fabce5ab,Transfer,22421058,10 secs ago,0 BNB,0.00018069
0x252718c468284fe1667595a3add7e17c1a827f85663d55e05379aeed29dca181,Transfer,22421058,10 secs ago,0 BNB,0.00018069
0x51fccf0e76c5b84df3021af0bba65615af9a734ef599acab95818a8269578c3d,Claim Gold8,22421058,10 secs ago,0 BNB,0.00069419
0xbc19e01ff46d0783035f96536d729d690a5297242ce26669cfd46ed854a01357,Buy Lp Tokens An...,22421058,10 secs ago,0.75 BNB,0.00442961
0xbdf35290a010cd0a432d2d730483338840c4bf8029f4296a2e4c5fe5765cccbb,Level Up,22421058,10 secs ago,0 BNB,0.00015892
0x1e508a828713e0c1f704d34413a011d327ba84ec07c7c54d17594953813100c0,Transfer,22421058,10 secs ago,0.00065301 BNB,0.000105
0xc091614984427886957af68dfeedd0a3b043e6169101ed1c7ed26d3d7b321e32,Transfer,22421058,10 secs ago,0.009995335513202 BNB,0.000105
0x3a27d7487472f85f2ae9a477b65597fb32286bacf2389d9ee95a20e404b2ccfe,Claim Capped,22421058,10 secs ago,0 BNB,0.00053097
0x9353075d930b79b2e1bf6e1a0dd155d8e75c1456c50398b09f1d2fab2be1a66f,Swap Exact ETH F...,22421058,10 secs ago,1.064091736185221 BNB,0.00053533
0xbdb6e70eea1d38c12ed07902610ed889784fcb56f4c6a2f34a87a89af441ed1b,0xcd56ecd3,22421058,10 secs ago,0.003 BNB,0.00029129
0x0edab107b53051ab49960882ccd510415c25b979c17feaa60598cf613e9aa983,Transfer,22421058,10 secs ago,0 BNB,0.00018057
0x3a3022ffc6191bf098817cf1ea861482cbca7fcf5072abc679f3acee634da036,Swap Exact ETH F...,22421058,10 secs ago,0.639826344653903 BNB,0.00054052
0xcbe007b137b99b237df89cc74bf568f83570527cfa3de7e1a5f0557a7510e961,Multicall,22421058,10 secs ago,0 BNB,0.0004707
0x4f8ee6cbb4add4fd6b923347a5a87faf96c6263fd6148e0aeae5203358ed4c24,Transfer,22421058,10 secs ago,0.00013556 BNB,0.000105
0x6e1d0aca59e99de2b4f4a66b61e3d01ad26924d8b54dc8648f604393073cab0f,Swap Exact Token...,22421058,10 secs ago,0 BNB,0.0006038
0x00229b4fa6b028097e62ceca0fb14e570edd66cf0ddd8c0d6bdb15b6e273fbed,Transfer,22421058,10 secs ago,0 BNB,0.0001065
0xeb920617fe75d27a236c819a04fc63b5a7a791f7e341ddc1d204165e6fcca596,Swap,22421058,10 secs ago,0 BNB,0.00096676
0x40f8dd9425aeea6c927ec6e0127cfb4d3a25fb08119c165943ef3d43ce9ee6fe,Transfer,22421058,10 secs ago,0.00065301 BNB,0.000105
0x772435de622317c3a0dd62de4bd2340cc7f25a109dacb5c4e8e7095aa7b64fef,Swap Exact ETH F...,22421058,10 secs ago,1.050439776340914 BNB,0.00053533
0x01023fe64ec2047c328353d80042aa188fe4715fcd01f9991fdc1d1432967959,Claim Rank,22421058,10 secs ago,0 BNB,0.00086038
0x2d1b035e39b3b3c2de601bc7a5625aae5b5be8c4289c355b062021a784f53b51,Transfer,22421058,10 secs ago,0 BNB,0.00013815
0xe4a65cf8d838bf6f85e5567e52c6d7f4e178be59cfa37b0d2710b47e0581bd1e,Swap Exact ETH F...,22421058,10 secs ago,0.866566233969613 BNB,0.00054058
0x3ecb976b7704701498d319114010db94fc54114f1a56cff9db3861ae36eaa724,Transfer,22421058,10 secs ago,0 BNB,0.00010557
0xda8cf1554d228088ca0e69ca7a8a538cea5e2b7c131211a902f1d971f82eccf4,Checkin,22421058,10 secs ago,0 BNB,0.00038563
0x392215bd6afa69fc25dbbd036cb69bbd3e16f2a74904bea2ae46c5c00f079f76,Transfer,22421058,10 secs ago,0.002 BNB,0.000105
0x28e4b8122610ed5441ed3985d859b74c1ffeab4deecc851effb38a58805fe511,Transfer,22421058,10 secs ago,0.00065301 BNB,0.000105
0xd7f2590e024ce0125fbc7712beff4082076a9b04a5738445b58d0f8205d1d490,Transfer,22421058,10 secs ago,0 BNB,0.00018068
0x76eb17a82126c1be81ed0f00cd0e700a4f0f858e5fd484ee9dcb920d614a6957,Swap Exact ETH F...,22421058,10 secs ago,1.056238592220965 BNB,0.00053533
0x0588deee63cebcc097cf1c52ad6c46fea08fcdff45b9d05034c8eabfe688bfb4,Transfer,22421058,10 secs ago,0.000210565 BNB,0.000105
0xa152f77e426b1522957ff80155bbd6591965ef0939557eb589168cd00b954c52,Swap Exact Token...,22421058,10 secs ago,0 BNB,0.00062623
0x5f82bc714db34f734b6e54e9d9c1076849a640973ea46c943148aa58515c3cca,Sign In,22421058,10 secs ago,0 BNB,0.00012926
0xb077b0fd6dc49cd17c0370a14fce042303aa1897ccd84e3340d2a0d09badc158,Swap Exact Token...,22421058,10 secs ago,0 BNB,0.00278545
0xa9125662a93993a23c3256c9ef87ddae6bda0bb8077ab65c4c08ee4a212568bd,0x60dbcbb5,22421058,10 secs ago,0.01367668 BNB,0.00132572
0x6372afe3cf3f7ec3b9ca842a9362b4e0ed1b5ec42b00fe0258cadde0e428407e,Claim Capped,22421058,10 secs ago,0 BNB,0.00053111
0x8a85760338e3740198a2186b5cddf115eb5be40b6cbc1fef42847c3d78e7480f,Transfer,22421058,10 secs ago,2 BNB,0.000105
0x75145a0e3f8ba917cdbb269f50f290ce68b1f7d3565a7b19614e396c8156473b,Swap ETH For Exa...,22421058,10 secs ago,0.003909986076882 BNB,0.00082502
0x6fd98aa1dfec926c33b1a4160c8fdfdece791f53a2428142808eb6d68d925cea,Swap Exact ETH F...,22421058,10 secs ago,0.630581189942534 BNB,0.00054058
0xb097e9e9a12c6bc5e34cd1d4fc18aca84057a1b6dbb1d9d6a2a20a5eb46e8e1d,Level Up,22421058,10 secs ago,0 BNB,0.00015892
0x1c21bed887a07fd08b1ac661d2ad1d860522427dc37ffb917c7aac0e2877ac1b,Buy And Open,22421058,10 secs ago,0 BNB,0.00025837
0x49d4b84a90dbcb879238fa5d0658afe37a052034d96b55fd61cf7b3f318ceb9e,Swap Exact ETH F...,22421058,10 secs ago,1.096850262357938 BNB,0.00053533
0xd84da536506e90e8e6b938e8c87b6d5f84d517a203264fa8de9f5c6321f4e5e1,0xb92c13c1,22421058,10 secs ago,0 BNB,0.00033493
0x00caf2e2cf0637ce8595abb07ac20e72edea090aa630d8d72b7f5caa75ff45e0,Transfer,22421058,10 secs ago,0 BNB,0.00018069
0xe0bfe4089f3fcd37f08889c36145deae7ac345edcd96132c1cd40d0cf2f1f46c,Transfer,22421058,10 secs ago,0 BNB,0.00019203
0xdb117d36e9166baf2bc2d8ff9e3f262ac260e3ac3909e65bfbbacacd8289ea12,Permit And Trans...,22421058,10 secs ago,0 BNB,0.00026526
0x3ce18f9c68cf4525d20c92f5f271897f8436e22ce1d627ac098cbba2a5dd98ce,Transfer,22421058,10 secs ago,0 BNB,0.00011941
0x59f5e6cb800666e613636b6e4818db43bd319b984a8558cfa040c71604044741,Claim For,22421058,10 secs ago,0 BNB,0.00049278
0x1bfe407aafa4d77d38ed508bce9d6c55c598cdd6c81b54c2a8ddc09f0a830f55,Adventure,22421058,10 secs ago,0 BNB,0.00021767
0x2e1d8187234d3beb954a1c1b8b60fd2dc2784869b4493828586b523d673e22e5,Transfer,22421058,10 secs ago,0 BNB,0.00018069
0xedb0a5adf28331f883eac1fae71018687309333d55c11ec91a0c1fe2ccb8e389,Transfer,22421058,10 secs ago,0 BNB,0.00025557
0x3a4423a9d96d4ac4cda3d7e7d8c46f9ef4c7548552257cde34d63cec64600c35,0x919da82e,22421058,10 secs ago,0 BNB,0.00105125
0x898e53c65d9a3637fec1fc26f7313cd3f645e9528396aa006bd8c4d768240112,Checkin,22421058,10 secs ago,0 BNB,0.00038563
0xa046e79d58624453fb9fbeea73b0adb8812f9ffedfcf496546dccc621165f5f6,Swap Exact ETH F...,22421058,10 secs ago,0.897386234786596 BNB,0.00054058
0x7e857c877d454183c83d4d3f77406d2090703827be598f541a8ad33dcd8b8e96,Enter Staking,22421058,10 secs ago,0 BNB,0.00061492
0x8e76cfd78ff175629108a4a219597671655b825c98f15f3dca874465e20f2652,Transfer*,22421058,10 secs ago,0 BNB,0.0001394
0x4698b1fa5de29b5f933913ea7622b2d6be208c26d0f348ba4179abdfebfc9604,Claim Pending Re...,22421058,10 secs ago,0 BNB,0.00181628
0xd7724bd08c67b30423d362e5af723a25d95d7f4e7ae6e6f93bb86ff8f34d48bb,Transfer,22421058,10 secs ago,0.00672318 BNB,0.000105
0xf17ba1a25ac5290f9c8cbff447be619357a364e5d29c467ff41ea1b5c5fbb6ac,Transfer,22421058,10 secs ago,0.000210565 BNB,0.000105
0x6e548a77bbb70b7c59f0938aa222fbe480d8c7055b4753953c8a081810e95821,Transfer,22421058,10 secs ago,0 BNB,0.00010563
0xf9b4fc02afbd615c4d169ce259d0f76af2e7f4a3c3274f087219f01b9f0b95f6,Transfer,22421058,10 secs ago,0 BNB,0.00010557
0x032fd42ae065b8cbc52b6dd05188900f665c0b31c7489386553c2bffdad32464,Transfer,22421058,10 secs ago,0 BNB,0.00017442
0x54fd281ac09d4c8beb549461a679485c607b1bcb4f2970ccaa81f5ebda6aaafa,Swap Exact ETH F...,22421058,10 secs ago,1.058601542968834 BNB,0.00059575
0xb163eb306da19429985e16f35ee61a3714fdff72917a94cd3f2fd744eb9d4212,Freeze,22421058,10 secs ago,0 BNB,0.00036362
0xc29c611757fb424f6ac93150787e094b7827b2bb950c155cd37728078b684581,Transfer,22421058,10 secs ago,0.000210565 BNB,0.000105
0x03cbeb6a44ee414bf4f8853b0ab549f66b55d6fcc82aaec3f91a716cf59020b5,Swap Exact Token...,22421058,10 secs ago,0 BNB,0.00064709
0xd378f00d5a8014709b60bc9df32e666045d3acfd9d398ba2e484556f0c1f30fa,Transfer,22421058,10 secs ago,0.015 BNB,0.000105
0x0c7b192f39582a77ff32dab409cf86081d1cca2021ad7980e93e172a3d51d0ed,Skip Daily Quest,22421058,10 secs ago,0 BNB,0.00012358
0xefd5f9975a851d11d6d454ad3797a5861abb2439c71e758bf316bcd0f34e0b43,Withdraw Profit,22421058,10 secs ago,0 BNB,0.00055839
